<?xml version="1.0" encoding="UTF-8"?>
<!DOCTYPE suite SYSTEM "https://testng.org/testng-1.0.dtd">
<suite name="Suite">
  <parameter name="url" value="https://opensource-demo.orangehrmlive.com/web/index.php/auth/login"></parameter>
  <parameter name="username" value="Admin"></parameter>
  <parameter name="password" value="admin123"></parameter>
  
  <test thread-count="5" name="Test">
    <classes>
      <class name="com.selenium.java.P43_TestNG_InjectParameter"/>
    </classes>
  </test> <!-- Test -->
</suite> <!-- Suite -->
