<?xml version="1.0" encoding="UTF-8"?>
<!DOCTYPE suite SYSTEM "https://testng.org/testng-1.0.dtd">
<suite name="Suite">
  <test thread-count="5" name="Test">
    <groups>
      <define name="dailybuild">
        <include name="smoke" />
        <include name="functional" />
      </define>
      <define name="weeklybuild">
        <include name="smoke" />
        <include name="sanity" />
        <include name="functional" />
        <include name="regression" />
      </define>
      <run>
        <include name="all" />
        <include name="dailybuild" />
        <exclude name="sanity"></exclude>
      </run>
    </groups>
    <classes>
      <class name="com.selenium.java.P47_TestNG_Groups" />
    </classes>
  </test> <!-- Test -->
</suite> <!-- Suite -->