<?xml version="1.0" encoding="UTF-8"?>
<!DOCTYPE suite SYSTEM "https://testng.org/testng-1.0.dtd">
<suite parallel="tests" name="Suite" thread-count="1">
  <test name="Test1">
    <parameter name="browser" value="Chrome"></parameter>
    <classes>
      <class name="com.selenium.java.P50_TestNG_MultipleBrowsers"/>
    </classes>
  </test> <!-- Test -->
  <test name="Test2">
    <parameter name="browser" value="Edge"></parameter>
    <classes>
      <class name="com.selenium.java.P50_TestNG_MultipleBrowsers"/>
    </classes>
  </test> <!-- Test -->
</suite> <!-- Suite -->